keyword,tipo_url,posicion,url,dominio,status,contenido_valido,contenido_insuficiente,palabras,h1,numero_h2,tablas,faqs,faqpage,schema,titulo,fecha_scrape,motivo,error
calcular salario por hora,competidora,1,https://es.talent.com/convert,es.talent.com,200,True,True,242,Conversor anual/mensual/semanal/por hora,1,0,1,False,,"Salary Converter | Convertir Cualquier Salario | Por Hora, Diario, Anual",2026-10-10T05:57:58.646900+00:00,HTTP 200 y contenido utilizable para el análisis.,
calcular salario por hora,competidora,2,https://joinotto.com/es/calculator/salary-to-hourly,joinotto.com,200,True,False,321,Convertidor anual / mensual / semanal / por hora,1,0,0,True,Answer | BreadcrumbList | FAQPage | ImageObject | ListItem | Offer | Organization | Question | WebApplication,Calculadora de Salario a Hora | Convierte sueldo anual a pago por hora,2026-10-10T05:58:08.635178+00:00,Se usó un contenedor principal alternativo (sin <main>/<article>).,
calcular salario por hora,competidora,3,https://taclia.com/es/products/clock-in,taclia.com,,False,False,0,,0,0,0,False,,,2026-10-10T05:58:15.279489+00:00,No fue posible cargar la URL.,"SelectorSyntaxError: Malformed id selector at position 0
  line 1:
#:r0:-faq-panel-0
^"
calcular salario por hora,competidora,4,http://cosmonauta.mx/toolbox/precioporhora.html,cosmonauta.mx,200,True,False,406,,0,0,0,False,,Calculadora de precio de hora de trabajo | Cosmonauta – Digital By Default,2026-10-10T05:58:22.155050+00:00,Se usó un contenedor principal alternativo (sin <main>/<article>).,
calcular salario por hora,competidora,5,https://calculadora-sueldo.com/,calculadora-sueldo.com,200,True,False,715,Calculadora de Sueldo Bruto a Neto 2025,5,0,5,True,Answer | FAQPage | Offer | Organization | Question | WebApplication,"Calculadora de Sueldo Bruto a Neto 2025 México | ISR, IMSS",2026-10-10T05:58:26.967284+00:00,HTTP 200 y contenido utilizable para el análisis.,
calcular salario por hora,competidora,6,https://i24app.com/mx/hourly-paycheck-calculator,i24app.com,200,True,False,2004,Calculadora de Sueldo por Hora,1,1,7,True,Answer | BreadcrumbList | FAQPage | HowTo | HowToStep | ListItem | Offer | Question | WebApplication,Calculadora de Sueldo por Hora 2026 — ISR e IMSS México | invoice24,2026-10-10T05:58:32.861617+00:00,HTTP 200 y contenido utilizable para el análisis.,
calcular salario por hora,competidora,7,https://i24app.com/mx/hourly-paycheck-calculator/estado_de_mexico,i24app.com,200,True,False,2283,Calculadora de Sueldo por Hora — Estado de México,1,1,9,True,Answer | BreadcrumbList | FAQPage | HowTo | HowToStep | ListItem | Offer | Question | WebApplication,Calculadora de Sueldo por Hora 2026 — ISR e IMSS México — Estado de México | invoice24,2026-10-10T05:58:38.002211+00:00,HTTP 200 y contenido utilizable para el análisis.,
calcular salario por hora,competidora,8,https://nominax.com/calculadora-de-sueldo-neto/,nominax.com,200,True,False,598,Calculadora de Sueldo Neto 2026,2,4,0,False,BreadcrumbList | EntryPoint | ImageObject | ListItem | Organization | PropertyValueSpecification | ReadAction | SearchAction | WebPage | WebSite,Calculadora de Sueldo Neto | Nominax,2026-10-10T05:58:55.269595+00:00,Se usó un contenedor principal alternativo (sin <main>/<article>).,
calcular salario por hora,competidora,9,https://tools.softonic.com/salary-calculator,tools.softonic.com,200,True,False,872,Calculadora de salario,5,1,0,True,Answer | FAQPage | Offer | Organization | Question | WebApplication,"Calculadora de salario: convierte sueldo por hora, semana, mes y año",2026-10-10T05:59:12.879064+00:00,HTTP 200 y contenido utilizable para el análisis.,
calcular salario por hora,propia,,https://calculadora-isr-mexico.vercel.app/calculadoras/salario-hora.html,calculadora-isr-mexico.vercel.app,200,True,False,1438,Calculadora de salario por hora en México,17,2,8,True,Answer | BreadcrumbList | FAQPage | ListItem | Question | WebPage,Calculadora de salario por hora en México,2026-10-10T05:59:19.684075+00:00,HTTP 200 y contenido utilizable para el análisis.,
